"0","gss <- Golden(data = dados_modelo_bn,
formula = VF_2018_2022 ~ comodo  + composta + mais5+ mulher_resp+igreja_mil_hab+degradada, 
lat = ""lat_utm"", long = ""long_utm"",
offset = ""log_casos_esp_vf"", model = ""negbin"", method = ""adaptive_bsq"",
bandwidth = ""cv"", globalmin = TRUE, distancekm = FALSE,
force=TRUE)  
print(gss)
"
"1","$h_values
        h0       h1       h2       h3
1  5.00000 17.09638 24.57236 36.66874
2 36.66874 45.32505 50.67495 59.33126
3 59.33126 73.33747 81.99379 96.00000

$iterations
   GSS_count       h1          cv1       h2      cv2
1          1 17.09638 6.034074e+05 24.57236 746166.2
2          1 12.47597 1.000000e+20 17.09638 603407.4
3          1 17.09638 6.034074e+05 19.95195 684522.7
4          1 15.33154 5.448923e+05 17.09638 603407.4
5          1 14.24081 5.291956e+05 15.33154 544892.3
6          1 13.56670 1.118263e+06 14.24081 529195.6
7          1 14.24081 5.291956e+05 14.65743 529195.6
8          2 45.32505 4.763263e+05 50.67495 457524.4
9          2 50.67495 4.575244e+05 53.98137 446888.4
10         2 53.98137 4.468884e+05 56.02485 387758.2
11         3 73.33747 2.936697e+05 81.99379 293951.1
12         3 67.98758 2.930477e+05 73.33747 293669.7
13         3 64.68116 2.936280e+05 67.98758 293047.7
14         3 67.98758 2.930477e+05 70.03106 293869.2

$gss_results
        cv bandwidth
1 529195.6        14
2 387758.2        56
3 293047.7        67

$min_bandwidth
[1] 67

"
